PLAYER NAME,TEAM,STRD RK,PPR .5 RK,PPR Full Point RK,Super Flex Full PPR RK,STRD TIERS,Rookie,AGE,Cuff,Oline Pass Blk,Oline Run Blk,OLine Total,STRD POS RK,POS,BYE,Team Depth Chart,1st 5 games SoS by position,Full SoS by position,Playoff SoS by position,Boom Factor,QB WR/TE Boom,Prop Bet TDS,Prop Bet Pass Yds,Prop Bet Rush Yds,Prop Bet Rec Yds
Christian McCaffrey,SF,1,1,1,6,1,,28,Elijah Mitchell,OK,GREAT,OK,RB1,RB,9,-,average,hard,easy, ,,10.5,,1150.5,
CeeDee Lamb,DAL,2,2,2,9,1,,25,,GOOD,GREAT,GOOD,WR1,WR,7,WR1,hard,average,easy, ,,9.5,,,1350.5
Tyreek Hill,MIA,3,3,3,10,1,,30,,OK,GOOD,OK,WR2,WR,6,WR1,average,hard,easy, ,,9.5,,,1375.5
Ja'Marr Chase,CIN,4,4,4,12,1,,24,,GOOD,GOOD,GREAT,WR3,WR,12,WR1,average,hard,easy, ,,8.5,,,1250.5
Breece Hall,NYJ,6,5,6,14,2,,23,Braelon Allen,OK,ELITE,GREAT,RB2,RB,12,-,average,hard,average, ,,7.5,,1050.5,
Bijan Robinson,ATL,7,6,8,15,2,,22,Tyler Allgeier,OK,ELITE,ELITE,RB3,RB,12,-,average,easy,easy, ,,6.5,,1000.5,
Amon-Ra St. Brown,DET,8,7,5,16,2,,24,,ELITE,ELITE,ELITE,WR5,WR,5,WR1,hard,easy,average, ,,8.5,,,1250.5
Justin Jefferson,MIN,5,8,7,18,2,,25,,GREAT,ELITE,GREAT,WR4,WR,6,WR1,easy,average,easy,BOOM,BOOM,7.5,,,1275.5
A.J. Brown,PHI,9,9,9,19,2,,27,,ELITE,ELITE,ELITE,WR6,WR,5,WR1,easy,hard,easy,BOOM,BOOM,8.5,,,1250.5
Garrett Wilson,NYJ,10,10,10,22,2,,24,,OK,ELITE,GREAT,WR7,WR (3rd Yr),12,WR1,hard,easy,average, ,,7.5,,,1125.5
Jonathan Taylor,IND,11,11,12,23,2,,25,Trey Sermon,GREAT,GREAT,GREAT,RB4,RB,14,-,hard,hard,easy, ,,8.5,,1000.5,
Josh Allen,BUF,18,24,19,1,3,,28,,OK,GOOD,GOOD,QB1,QB,12,-,average,hard,average, ,,27.5,3600.5,480.5,
Jahmyr Gibbs,DET,15,12,11,24,3,,22,David Montgomery,ELITE,ELITE,ELITE,RB7,RB,5,-,easy,average,average,BOOM,,7.5,,900.5,
Puka Nacua,LAR,12,13,13,25,3,,23,,GOOD,GOOD,GREAT,WR8,WR,6,WR1,easy,average,easy, ,,6.5,,,1150.5
Saquon Barkley,PHI,14,14,14,27,3,,27,Will Shipley,ELITE,ELITE,ELITE,RB6,RB,5,-,hard,easy,easy, ,,6.5,,1000.5,
Marvin Harrison Jr.,ARI,20,15,15,30,3,rookie,22,,OK,OK,BAD,WR11,WR,11,WR1,easy,average,easy, ,,-,,,-
Derrick Henry,BAL,13,16,39,32,3,,30,Justice Hill,GOOD,OK,OK,RB5,RB,14,-,average,average,easy, ,,10.5,,975.5,
Kyren Williams,LAR,17,18,29,34,3,,23,Blake Corum,GOOD,GOOD,GREAT,RB8,RB,6,-,easy,average,average, ,,8.5,,-,
Mike Evans,TB,19,22,24,38,3,,30,,GOOD,BAD,GOOD,WR10,WR,11,WR1,easy,average,easy, ,,8.5,,,1050.5
Deebo Samuel Sr.,SF,16,25,33,42,3,,28,,OK,GREAT,OK,WR9,WR,9,WR1,average,hard,easy, ,,-,,,-
Jalen Hurts,PHI,25,30,23,2,4,,26,,ELITE,ELITE,ELITE,QB2,QB,5,-,easy,hard,average,BOOM,BOOM,21.5,4350.5,550.5,
Patrick Mahomes II,KC,32,37,32,3,4,,28,,ELITE,GREAT,ELITE,QB4,QB,6,-,easy,average,average,BOOM,,32.5,3250.5,-,
Lamar Jackson,BAL,31,36,31,4,4,,27,,GOOD,OK,OK,QB3,QB,14,-,average,easy,average, ,,22.5,3200.5,675.5,
Drake London,ATL,23,19,17,33,4,,23,,OK,ELITE,ELITE,WR14,WR (3rd Yr),12,WR1,average,easy,easy, ,,6.5,,,1000.5
Davante Adams,LV,29,17,16,35,4,,31,,GREAT,GOOD,GOOD,WR16,WR,10,WR1,average,average,easy, ,,6.5,,,1000.5
Travis Etienne Jr.,JAC,26,20,20,36,4,,25,Tank Bigsby,GREAT,BAD,OK,RB9,RB,12,-,average,hard,easy, ,,-,,-,
Chris Olave,NO,24,21,18,37,4,,24,,BAD,OK,BAD,WR15,WR (3rd Yr),12,WR1,average,average,easy, ,,4.5,,,1025.5
Isiah Pacheco,KC,27,23,34,39,4,,25,Clyde Edwards-Helaire,ELITE,GREAT,ELITE,RB10,RB,6,-,average,average,average, ,,6.5,,900.5,
Nico Collins,HOU,22,27,27,43,4,,25,,GOOD,OK,OK,WR13,WR,14,WR1,hard,average,average, ,,5.5,,,1050.5
Brandon Aiyuk,SF,21,26,26,44,4,,26,,OK,GREAT,OK,WR12,WR,9,WR2,average,hard,easy, ,,-,,,-
Jaylen Waddle,MIA,33,28,22,45,4,,25,,OK,GOOD,OK,WR18,WR,6,WR2,average,hard,easy, ,,5.5,,,1000.5
De'Von Achane,MIA,37,29,35,46,4,,22,,OK,GOOD,OK,RB11,RB,6,-,easy,average,average, ,,7.5,,750.5,
Cooper Kupp,LAR,36,32,25,48,4,,31,,GOOD,GOOD,GREAT,WR20,WR,6,WR2,easy,average,easy, ,,6.5,,,1000.5
Sam LaPorta,DET,28,31,28,49,4,,23,,ELITE,ELITE,ELITE,TE1,TE,5,-,average,average,average, ,,7.5,,,875.5
Travis Kelce,KC,34,33,30,50,4,,34,,ELITE,GREAT,ELITE,TE2,TE,6,-,average,average,easy, ,,6.5,,,950.5
DK Metcalf,SEA,30,34,38,51,4,,26,,BAD,OK,OK,WR17,WR,10,WR1,easy,average,easy, ,,6.5,,,1000.5
DJ Moore,CHI,35,35,36,52,4,,27,,OK,ELITE,GOOD,WR19,WR,7,WR1,easy,easy,easy, ,,6.5,,,950.5
Anthony Richardson,IND,48,50,47,5,5,,22,,GREAT,GREAT,GREAT,QB5,QB,14,-,average,easy,average, ,,17.5,4150.5,550.5,
C.J. Stroud,HOU,52,56,52,7,5,,22,,GOOD,OK,OK,QB6,QB,14,-,hard,hard,easy, ,,26.5,3400.5,-,
Michael Pittman Jr.,IND,51,38,21,53,5,,26,,GREAT,GREAT,GREAT,WR27,WR,14,WR1,average,easy,easy, ,,-,,,-
DeVonta Smith,PHI,39,39,37,54,5,,25,,ELITE,ELITE,ELITE,WR22,WR,5,WR2,easy,hard,easy,BOOM,BOOM,6.5,,,1050.5
Malik Nabers,NYG,42,40,40,57,5,rookie,21,,OK,OK,BAD,WR23,WR,11,WR1,average,average,easy, ,,5.5,,,900.5
Josh Jacobs,GB,41,41,46,58,5,,26,AJ Dillon,ELITE,OK,GREAT,RB13,RB,10,-,hard,hard,average, ,,7.5,,950.5,
Amari Cooper,CLE,38,42,41,59,5,,30,,ELITE,GREAT,ELITE,WR21,WR,10,WR1,average,average,easy, ,,5.5,,,-
Rachaad White,TB,50,43,42,60,5,,25,Bucky Irving,GOOD,BAD,GOOD,RB16,RB,11,-,hard,easy,easy, ,,5.5,,825.5,
James Cook,BUF,44,44,45,61,5,,24,Ray Davis,OK,GOOD,GOOD,RB14,RB,12,-,easy,hard,easy, ,,4.5,,925.5,
Joe Mixon,HOU,45,45,51,64,5,,28,Dameon Pierce,GOOD,OK,OK,RB15,RB,14,-,average,average,average, ,,6.5,,850.5,
Kenneth Walker III,SEA,40,46,55,65,5,,23,Zach Charbonnet,BAD,OK,OK,RB12,RB,10,-,hard,easy,average, ,,-,,-,
Mark Andrews,BAL,47,47,59,66,5,,28,,GOOD,OK,OK,TE3,TE,14,-,easy,average,easy, ,,6.5,,,-
Tee Higgins,CIN,43,49,49,68,5,,25,,GOOD,GOOD,GREAT,WR24,WR,12,WR2,average,hard,easy, ,,5.5,,,900.5
George Pickens,PIT,46,52,54,71,5,,23,,BAD,OK,OK,WR25,WR (3rd Yr),9,WR1,hard,hard,average, ,,4.5,,,950.5
Tank Dell,HOU,49,54,58,73,5,,24,,GOOD,OK,OK,WR26,WR,14,WR2,hard,average,average, ,,4.5,,,850.5
Kyler Murray,ARI,54,60,57,8,6,,27,,OK,OK,BAD,QB7,QB,11,-,average,hard,easy, ,,20.5,4000.5,475.5,
Joe Burrow,CIN,57,65,61,11,6,,27,,GOOD,GOOD,GREAT,QB8,QB,12,-,hard,hard,easy, ,,27.5,4150.5,-,
Dak Prescott,DAL,59,67,63,13,6,,31,,GOOD,GREAT,GOOD,QB9,QB,7,-,hard,hard,easy, ,,28.5,3900.5,-,
Jordan Love,GB,67,76,70,17,6,,25,,ELITE,OK,GREAT,QB10,QB,10,-,easy,easy,easy,BOOM,,27.5,3900.5,-,
Stefon Diggs,HOU,55,48,43,69,6,,30,,GOOD,OK,OK,WR28,WR,14,WR3,hard,average,average, ,,5.5,,,1000.5
Alvin Kamara,NO,60,51,44,70,6,,29,Kendre Miller,BAD,OK,BAD,RB19,RB,12,-,average,easy,easy, ,,4.5,,625.5,
Trey McBride,ARI,63,53,48,72,6,,24,,OK,OK,BAD,TE4,TE,11,-,hard,easy,average, ,,4.5,,,-
Zay Flowers,BAL,56,55,50,74,6,,23,,GOOD,OK,OK,WR29,WR,14,WR1,hard,average,average, ,,5.5,,,1000.5
Terry McLaurin,WAS,61,57,56,75,6,,28,,OK,GOOD,OK,WR30,WR,14,WR1,easy,average,easy, ,,4.5,,,950.5
James Conner,ARI,58,58,65,76,6,,29,Trey Benson,OK,OK,BAD,RB18,RB,11,-,average,hard,average, ,,6.5,,-,
Rashee Rice,KC,62,62,60,77,6,,24,,ELITE,GREAT,ELITE,WR31,WR,6,WR1,average,average,average, ,,-,,,-
Christian Kirk,JAC,64,61,53,78,6,,27,,GREAT,BAD,OK,WR32,WR,12,WR1,hard,easy,average, ,,4.5,,,1000.5
David Montgomery,DET,53,59,72,79,6,,27,,ELITE,ELITE,ELITE,RB17,RB,5,-,easy,average,average,BOOM,,8.5,,775.5,
Rhamondre Stevenson,NE,65,63,66,80,6,,26,Antonio Gibson,BAD,OK,BAD,RB20,RB,14,-,hard,hard,easy, ,,4.5,,-,
Aaron Jones,MIN,69,64,67,81,6,,29,Ty Chandler,GREAT,ELITE,GREAT,RB22,RB,6,-,average,average,easy, ,,5.5,,750.5,
Najee Harris,PIT,66,69,73,86,6,,26,Jaylen Warren,BAD,OK,OK,RB21,RB,9,-,hard,easy,easy, ,,5.5,,825.5,
Calvin Ridley,TEN,68,70,71,89,6,,29,,BAD,BAD,BAD,WR33,WR,5,WR1,hard,easy,average, ,,5.5,,,925.5
Raheem Mostert,MIA,71,73,80,90,6,,32,De'Von Achane,OK,GOOD,OK,RB23,RB,6,-,easy,average,average, ,,7.5,,700.5,
Zamir White,LV,72,75,77,92,6,,24,Alexander Mattison,GREAT,GOOD,GOOD,RB24,RB,10,-,easy,average,easy, ,,5.5,,800.5,
George Kittle,SF,70,78,84,94,6,,30,,OK,GREAT,OK,TE5,TE,9,-,hard,easy,easy, ,,5.5,,,775.5
Jayden Daniels,WAS,78,83,75,20,7,rookie,23,,OK,GOOD,OK,QB11,QB,14,-,easy,average,easy, ,,16.5,4100.5,550.5,
Brock Purdy,SF,79,86,76,21,7,,24,,OK,GREAT,OK,QB12,QB,9,-,average,hard,easy, ,,28.5,3150.5,-,
Caleb Williams,CHI,87,96,87,26,7,rookie,22,,OK,ELITE,GOOD,QB14,QB,7,-,easy,easy,average, ,,22.5,3800.5,-,
Tua Tagovailoa,MIA,86,100,88,28,7,,26,,OK,GOOD,OK,QB13,QB,6,-,hard,hard,easy, ,,25.5,4050.5,-,
Jared Goff,DET,90,104,90,29,7,,29,,ELITE,ELITE,ELITE,QB15,QB,5,-,hard,easy,average, ,,26.5,3500.5,-,
Trevor Lawrence,JAC,93,106,95,31,7,,24,,GREAT,BAD,OK,QB16,QB,12,-,average,easy,easy, ,,21.5,-,-,
Dalton Kincaid,BUF,80,66,69,82,7,,24,,OK,GOOD,GOOD,TE7,TE,12,-,average,hard,easy, ,,5.5,,,800.5
Chris Godwin,TB,76,68,62,84,7,,28,,GOOD,BAD,GOOD,WR35,WR,11,WR2,easy,average,easy, ,,4.5,,,900.5
Diontae Johnson,CAR,74,71,68,87,7,,28,,GREAT,GOOD,GOOD,WR34,WR,11,WR1,easy,easy,average,BOOM,BOOM,4.5,,,825.5
Keenan Allen,CHI,81,72,64,88,7,,32,,OK,ELITE,GOOD,WR37,WR,7,WR2,easy,easy,easy, ,,4.5,,,900.5
D'Andre Swift,CHI,73,74,74,91,7,,25,Roschon Johnson,OK,ELITE,GOOD,RB25,RB,7,-,easy,hard,average,BOOM,,5.5,,750.5,
Kyle Pitts,ATL,75,77,81,93,7,,23,,OK,ELITE,ELITE,TE6,TE,12,-,easy,average,average, ,,4.5,,,775.5
Jayden Reed,GB,77,79,79,95,7,,24,,ELITE,OK,GREAT,WR36,WR,10,WR1,hard,easy,average, ,,5.5,,,800.5
Tony Pollard,TEN,82,80,86,96,7,,27,Tyjae Spears,BAD,BAD,BAD,RB26,RB,5,-,average,average,easy, ,,5.5,,775.5,
Brian Robinson Jr.,WAS,83,82,91,97,7,,25,Austin Ekeler,OK,GOOD,OK,RB27,RB,14,-,easy,average,easy,,,-,,-,
Javonte Williams,DEN,88,81,82,98,7,,24,Jaleel McLaughlin,GREAT,GOOD,GOOD,RB28,RB,14,-,easy,easy,average, ,,4,,-,
Xavier Worthy,KC,85,88,92,99,7,rookie,21,,ELITE,GREAT,ELITE,WR39,WR,6,WR3,average,average,average, ,,4.5,,,-
Evan Engram,JAC,94,84,78,100,7,,29,,GREAT,BAD,OK,TE9,TE,12,-,easy,average,easy,BOOM,,4.5,,,750.5
Devin Singletary,NYG,89,85,96,101,7,,26,Tyrone Tracy Jr.,OK,OK,BAD,RB29,RB,11,-,easy,average,easy, ,,4.5,,725.5,
Christian Watson,GB,84,90,104,103,7,,25,,ELITE,OK,GREAT,WR38,WR (3rd Yr),10,WR2,hard,easy,average, ,,5.5,,,775.5
DeAndre Hopkins,TEN,91,89,89,104,7,,32,,BAD,BAD,BAD,WR40,WR,5,WR2,hard,easy,average, ,,-,,,-
Jake Ferguson,DAL,95,92,93,108,7,,25,,GOOD,GREAT,GOOD,TE10,TE,7,-,hard,hard,average, ,,5.5,,,725.5
David Njoku,CLE,92,94,94,110,7,,28,,ELITE,GREAT,ELITE,TE8,TE,10,-,average,average,easy, ,,5.5,,,750.5
Kirk Cousins,ATL,104,118,107,40,8,,35,,OK,ELITE,ELITE,QB17,QB,12,-,easy,average,easy, ,,26.5,3900.5,-,
Justin Herbert,LAC,107,119,108,41,8,,26,,GREAT,OK,GOOD,QB18,QB,5,-,hard,hard,easy, ,,23,3900.5,-,
Matthew Stafford,LAR,110,122,113,47,8,,36,,GOOD,GOOD,GREAT,QB19,QB,6,-,easy,easy,average, ,,23.5,3650.5,-,
Deshaun Watson,CLE,123,136,120,55,8,,28,,ELITE,GREAT,ELITE,QB21,QB,10,-,hard,easy,average, ,,18.5,3650.5,-,
Aaron Rodgers,NYJ,122,135,121,56,8,,40,,OK,ELITE,GREAT,QB20,QB,12,-,hard,hard,average, ,,25.5,3300.5,-,
Jaylen Warren,PIT,99,87,85,102,8,,25,,BAD,OK,OK,RB31,RB,9,-,hard,easy,easy, ,,5,,625.5,
Jaxon Smith-Njigba,SEA,112,91,83,105,8,,22,,BAD,OK,OK,WR46,WR,10,WR2,easy,average,easy, ,,4.5,,,800.5
Tyjae Spears,TEN,108,93,97,107,8,,23,,BAD,BAD,BAD,RB34,RB,5,-,average,average,easy, ,,-,,-,
Rome Odunze,CHI,98,95,99,109,8,rookie,22,,OK,ELITE,GOOD,WR42,WR,7,WR3,easy,easy,easy, ,,4.5,,,650.5
Hollywood Brown,KC,97,98,101,111,8,,27,,ELITE,GREAT,ELITE,WR41,WR,6,WR2,average,average,average, ,,-,,,-
Zack Moss,CIN,96,97,109,112,8,,26,Chase Brown,GOOD,GOOD,GREAT,RB30,RB,12,-,hard,average,easy, ,,5.5,,700.5,
Courtland Sutton,DEN,100,99,98,113,8,,28,,GREAT,GOOD,GOOD,WR43,WR,14,WR1,hard,hard,easy, ,,5.5,,,850.5
Ladd McConkey,LAC,114,102,100,114,8,rookie,22,,GREAT,OK,GOOD,WR47,WR,5,WR1,easy,average,easy,BOOM,BOOM,4.5,,,750.5
Jonathon Brooks,CAR,102,101,115,115,8,rookie,21,Chuba Hubbard,GREAT,GOOD,GOOD,RB33,RB,11,-,hard,easy,easy, ,,-,,-,
Jordan Addison,MIN,106,103,102,116,8,,22,,GREAT,ELITE,GREAT,WR44,WR,6,WR2,easy,average,easy,BOOM,BOOM,-,,,-
Brock Bowers,LV,103,105,103,117,8,rookie,21,,GREAT,GOOD,GOOD,TE11,TE,10,-,easy,easy,easy,BOOM,,4.5,,,650.5
Brian Thomas Jr.,JAC,115,108,110,118,8,rookie,21,,GREAT,BAD,OK,WR48,WR,12,WR2,hard,easy,average, ,,-,,,-
Austin Ekeler,WAS,117,107,106,120,8,,29,,OK,GOOD,OK,RB37,RB,14,-,easy,average,easy,,,-,,-,
Chase Brown,CIN,113,109,112,121,8,,24,,GOOD,GOOD,GREAT,RB36,RB,12,-,hard,average,easy, ,,-,,-,
Gus Edwards,LAC,101,110,122,123,8,,29,J.K. Dobbins,GREAT,OK,GOOD,RB32,RB,5,-,hard,easy,easy, ,,-,,-,
Dallas Goedert,PHI,105,111,105,124,8,,29,,ELITE,ELITE,ELITE,TE12,TE,5,-,hard,easy,easy, ,,3.5,,,650.5
Jameson Williams,DET,109,113,119,125,8,,23,,ELITE,ELITE,ELITE,WR45,WR (3rd Yr),5,WR2,hard,easy,average, ,,4.5,,,725.5
Jerome Ford,CLE,121,112,118,126,8,,24,,ELITE,GREAT,ELITE,RB39,RB,10,-,hard,easy,easy, ,,-,,-,
Ezekiel Elliott,DAL,118,114,123,127,8,,29,Rico Dowdle,GOOD,GREAT,GOOD,RB38,RB,7,-,easy,average,easy,BOOM,,5.5,,600.5,
Nick Chubb,CLE,111,115,125,128,8,,28,Jerome Ford,ELITE,GREAT,ELITE,RB35,RB,10,-,hard,easy,easy, ,,-,,-,
Keon Coleman,BUF,120,117,124,130,8,rookie,21,,OK,GOOD,GOOD,WR49,WR,12,WR2,average,hard,average, ,,4.5,,,725.5
Pat Freiermuth,PIT,116,121,114,132,8,,25,,BAD,OK,OK,TE13,TE,9,-,hard,average,easy, ,,3.5,,,500.5
Dalton Schultz,HOU,119,123,117,133,8,,28,,GOOD,OK,OK,TE14,TE,14,-,easy,hard,easy, ,,3.5,,,575.5
Rashid Shaheed,NO,124,126,133,136,8,,25,,BAD,OK,BAD,WR50,WR (3rd Yr),12,WR2,average,average,easy, ,,4.5,,,725.5
Geno Smith,SEA,126,141,131,62,9,,33,,BAD,OK,OK,QB22,QB,10,-,average,average,easy, ,,20.5,3400.5,-,
Baker Mayfield,TB,130,144,132,63,9,,29,,GOOD,BAD,GOOD,QB23,QB,11,-,easy,hard,easy, ,,22.5,-,-,
Will Levis,TEN,140,154,140,67,9,,25,,BAD,BAD,BAD,QB24,QB,5,-,average,easy,easy, ,,20,3350.5,-,
Derek Carr,NO,158,169,159,83,9,,33,,BAD,OK,BAD,QB26,QB,12,-,hard,easy,easy, ,,21.5,2800.5,-,
Daniel Jones,NYG,156,165,155,85,9,,27,,OK,OK,BAD,QB25,QB,11,-,average,hard,easy, ,,-,3200.5,-,
Tyler Lockett,SEA,127,116,111,129,9,,31,,BAD,OK,OK,WR51,WR,10,WR3,easy,average,easy, ,,4.5,,,825.5
Jakobi Meyers,LV,128,120,116,131,9,,27,,GREAT,GOOD,GOOD,WR52,WR,10,WR2,average,average,easy, ,,-,,,700.5
Joshua Palmer,LAC,132,124,126,134,9,,24,,GREAT,OK,GOOD,WR54,WR,5,WR2,easy,average,easy,BOOM,BOOM,-,,,700.5
Romeo Doubs,GB,129,125,129,135,9,,24,,ELITE,OK,GREAT,WR53,WR (3rd Yr),10,WR3,hard,easy,average, ,,4.5,,,625.5
Curtis Samuel,BUF,137,127,127,137,9,,28,,OK,GOOD,GOOD,WR57,WR,12,WR1,average,hard,average, ,,-,,,-
Blake Corum,LAR,125,128,143,138,9,rookie,23,,GOOD,GOOD,GREAT,RB40,RB,6,-,easy,average,average, ,,-,,-,
Zach Charbonnet,SEA,138,129,130,139,9,,23,,BAD,OK,OK,RB44,RB,10,-,hard,easy,average, ,,-,,-,
Chuba Hubbard,CAR,133,130,135,141,9,,25,,GREAT,GOOD,GOOD,RB42,RB,11,-,hard,easy,easy, ,,-,,-,
Rico Dowdle,DAL,136,132,141,142,9,,26,,GOOD,GREAT,GOOD,RB43,RB,7,-,easy,average,easy,BOOM,,-,,-,
Brandin Cooks,DAL,135,131,134,143,9,,30,,GOOD,GREAT,GOOD,WR56,WR,7,WR2,hard,average,easy, ,,-,,,650.5
Khalil Shakir,BUF,143,133,137,144,9,,24,,OK,GOOD,GOOD,WR58,WR (3rd Yr),12,WR3,average,hard,average, ,,-,,,675.5
Mike Williams,NYJ,134,134,136,145,9,,29,,OK,ELITE,GREAT,WR55,WR,12,WR2,hard,easy,average, ,,4.5,,,750.5
T.J. Hockenson,MIN,139,137,128,146,9,,27,,GREAT,ELITE,GREAT,TE15,TE,6,-,average,hard,easy, ,,-,,,-
Trey Benson,ARI,131,138,146,147,9,rookie,22,,OK,OK,BAD,RB41,RB,11,-,average,hard,average, ,,-,,-,
Jerry Jeudy,CLE,147,139,145,148,9,,25,,ELITE,GREAT,ELITE,WR60,WR,10,WR2,average,average,easy, ,,3.5,,,750.5
Ty Chandler,MIN,142,140,149,149,9,,26,,GREAT,ELITE,GREAT,RB45,RB,6,-,average,average,easy, ,,-,,-,
Jaleel McLaughlin,DEN,151,150,147,150,9,,23,,GREAT,GOOD,GOOD,RB48,RB,14,-,easy,easy,average, ,,-,,-,
Josh Downs,IND,155,143,139,151,9,,23,,GREAT,GREAT,GREAT,WR62,WR,14,WR2,average,easy,easy, ,,-,,,-
Tyler Allgeier,ATL,146,142,151,152,9,,24,,OK,ELITE,ELITE,RB46,RB,12,-,average,easy,easy, ,,-,,-,
Luke Musgrave,GB,145,145,138,153,9,,23,,ELITE,OK,GREAT,TE17,TE,10,-,average,average,average, ,,-,,,-
Cole Kmet,CHI,148,146,144,154,9,,25,,OK,ELITE,GOOD,TE18,TE,7,-,easy,average,average, ,,-,,,575.5
Gabe Davis,JAC,144,148,154,155,9,,25,,GREAT,BAD,OK,WR59,WR,12,WR3,hard,easy,average, ,,-,,,-
Antonio Gibson,NE,152,147,142,156,9,,26,,BAD,OK,BAD,RB49,RB,14,-,hard,hard,easy, ,,-,,-,
J.K. Dobbins,LAC,149,149,150,157,9,,25,,GREAT,OK,GOOD,RB47,RB,5,-,hard,easy,easy, ,,-,,-,
Hunter Henry,NE,150,152,148,158,9,,29,,BAD,OK,BAD,TE19,TE,14,-,easy,average,average, ,,-,,,-
Jahan Dotson,WAS,157,151,152,159,9,,24,,OK,GOOD,OK,WR63,WR (3rd Yr),14,WR2,easy,average,easy, ,,4.5,,,600.5
Dontayvion Wicks,GB,154,153,157,160,9,,23,,ELITE,OK,GREAT,WR61,WR,10,WR4,hard,easy,average, ,,-,,,-
Taysom Hill,NO,141,159,178,165,9,,33,,BAD,OK,BAD,TE16,TE,12,-,hard,easy,easy, ,,-,,,-
MarShawn Lloyd,GB,159,161,165,168,9,rookie,23,,ELITE,OK,GREAT,RB51,RB,10,-,hard,hard,average, ,,-,,-,
Khalil Herbert,CHI,153,164,162,170,9,,26,,OK,ELITE,GOOD,RB50,RB,7,-,easy,hard,average,BOOM,,-,,-,
Bryce Young,CAR,162,180,163,106,10,,23,,GREAT,GOOD,GOOD,QB27,QB,11,-,easy,easy,easy,BOOM,BOOM,17.5,-,-,
Sam Darnold,MIN,178,186,182,119,10,,27,,GREAT,ELITE,GREAT,QB28,QB,6,-,easy,easy,easy,BOOM,BOOM,-,-,-,
Russell Wilson,PIT,201,192,196,122,10,,35,,BAD,OK,OK,QB29,QB,9,-,hard,hard,easy, ,,-,-,-,
Adam Thielen,CAR,170,155,153,161,10,,33,,GREAT,GOOD,GOOD,WR68,WR,11,WR2,easy,easy,average,BOOM,BOOM,-,,,-
Adonai Mitchell,IND,161,156,164,162,10,rookie,21,,GREAT,GREAT,GREAT,WR64,WR,14,WR3,average,easy,easy, ,,-,,,600.5
Ray Davis,BUF,163,157,171,163,10,rookie,24,,OK,GOOD,GOOD,RB52,RB,12,-,easy,hard,easy, ,,-,,-,
DeMario Douglas,NE,168,158,158,164,10,,23,,BAD,OK,BAD,WR67,WR,14,WR2,hard,average,easy, ,,-,,,-
Tyler Conklin,NYJ,165,160,156,166,10,,29,,OK,ELITE,GREAT,TE20,TE,12,-,hard,average,easy, ,,-,,,500.5
Michael Wilson,ARI,166,162,167,167,10,,24,,OK,OK,BAD,WR66,WR,11,WR2,easy,average,easy, ,,-,,,600.5
Darnell Mooney,ATL,164,163,169,169,10,,26,,OK,ELITE,ELITE,WR65,WR,12,WR2,average,easy,easy, ,,-,,,-
Cade Otton,TB,174,168,161,171,10,,25,,GOOD,BAD,GOOD,TE21,TE,11,-,easy,average,average, ,,-,,,-
Rashod Bateman,BAL,176,167,177,172,10,,24,,GOOD,OK,OK,WR70,WR,14,WR2,hard,average,average, ,,-,,,-
Ja'Lynn Polk,NE,171,166,166,173,10,rookie,22,,BAD,OK,BAD,WR69,WR,14,WR1,hard,average,easy, ,,-,,,-
Noah Fant,SEA,189,172,180,174,10,,26,,BAD,OK,OK,TE24,TE,10,-,hard,average,average, ,,-,,,-
Jaylen Wright,MIA,173,170,179,175,10,rookie,21,,OK,GOOD,OK,RB53,RB,6,-,easy,average,average, ,,-,,-,
Wan'Dale Robinson,NYG,193,171,173,176,10,,23,,OK,OK,BAD,WR73,WR (3rd Yr),11,WR2,average,average,easy, ,,-,,,-
Jermaine Burton,CIN,198,175,192,177,10,rookie,23,,GOOD,GOOD,GREAT,WR75,WR,12,WR3,average,hard,easy, ,,-,,,-
Xavier Legette,CAR,182,174,181,178,10,rookie,23,,GREAT,GOOD,GOOD,WR71,WR,11,WR3,easy,easy,average,BOOM,BOOM,4.5,,,500.5
Kendre Miller,NO,175,173,170,179,10,,22,,BAD,OK,BAD,RB54,RB,12,-,average,easy,easy, ,,-,,-,
Demarcus Robinson,LAR,194,176,190,180,10,,29,,GOOD,GOOD,GREAT,WR74,WR,6,WR3,easy,average,easy, ,,-,,,-
Roschon Johnson,CHI,181,178,175,181,10,,23,,OK,ELITE,GOOD,RB56,RB,7,-,easy,hard,average,BOOM,,-,,-,
Braelon Allen,NYJ,179,177,198,182,10,rookie,20,,OK,ELITE,GREAT,RB55,RB,12,-,average,hard,average, ,,-,,-,
Bucky Irving,TB,192,179,193,183,10,rookie,21,,GOOD,BAD,GOOD,RB59,RB,11,-,hard,easy,easy, ,,-,,-,
Marvin Mims Jr.,DEN,184,181,185,184,10,,22,,GREAT,GOOD,GOOD,WR72,WR,14,WR2,hard,hard,easy, ,,-,,,-
Isaiah Likely,BAL,187,189,204,188,10,,24,,GOOD,OK,OK,TE23,TE,14,-,easy,average,easy, ,,-,,,-
Ricky Pearsall,SF,199,183,199,189,10,rookie,23,,OK,GREAT,OK,WR76,WR,9,WR3,average,hard,easy, ,,-,,,-
Dameon Pierce,HOU,191,184,206,190,10,,24,,GOOD,OK,OK,RB58,RB,14,-,average,average,average, ,,-,,-,
Juwan Johnson,NO,180,185,189,191,10,,27,,BAD,OK,BAD,TE22,TE,12,-,hard,easy,easy, ,,4.5,,,425.5
Elijah Mitchell,SF,183,188,210,192,10,,26,,OK,GREAT,OK,RB57,RB,9,-,average,hard,easy, ,,-,,-,
Chigoziem Okonkwo,TEN,200,190,183,193,10,,24,,BAD,BAD,BAD,TE25,TE,5,-,average,easy,easy, ,,2.5,,,500.5
Baltimore Ravens,BAL,160,193,160,#N/A,10,,-,,GOOD,OK,OK,DST1,DST,14,-,average,hard,easy,,,-,,,
San Francisco 49ers,SF,167,197,168,#N/A,10,,-,,OK,GREAT,OK,DST2,DST,9,-,average,hard,easy,,,-,,,
New York Jets,NYJ,169,198,172,#N/A,10,,-,,OK,ELITE,GREAT,DST3,DST,12,-,hard,hard,easy,,,-,,,
Dallas Cowboys,DAL,172,200,174,#N/A,10,,-,,GOOD,GREAT,GOOD,DST4,DST,7,-,easy,easy,easy,,,-,,,
Cleveland Browns,CLE,177,202,176,#N/A,10,,-,,ELITE,GREAT,ELITE,DST5,DST,10,-,hard,hard,easy,,,-,,,
Pittsburgh Steelers,PIT,185,209,184,#N/A,10,,-,,BAD,OK,BAD,DST6,DST,9,-,average,easy,easy,,,-,,,
Kansas City Chiefs,KC,186,211,186,#N/A,10,,-,,ELITE,GREAT,ELITE,DST7,DST,6,-,easy,hard,average,,,-,,,
Justin Tucker,BAL,188,204,187,#N/A,10,,34,,GOOD,OK,OK,K1,K,14,-,average,hard,easy,,,-,,,
Buffalo Bills,BUF,190,212,188,#N/A,10,,-,,OK,GOOD,GOOD,DST8,DST,12,-,easy,hard,average,,,-,,,
Brandon Aubrey,DAL,195,206,191,#N/A,10,,29,,GOOD,GREAT,GOOD,K2,K,7,-,average,hard,easy,,,-,,,
Philadelphia Eagles,PHI,196,219,194,#N/A,10,,-,,ELITE,ELITE,ELITE,DST9,DST,5,-,easy,average,easy,,,-,,,
Harrison Butker,KC,197,213,195,#N/A,10,,29,,ELITE,GREAT,ELITE,K3,K,6,-,average,hard,easy,,,-,,,
Houston Texans,HOU,202,225,200,#N/A,10,,-,,GOOD,OK,OK,DST10,DST,14,-,hard,hard,easy,,,-,,,
New Orleans Saints,NO,203,230,201,#N/A,10,,-,,BAD,OK,BAD,DST11,DST,12,-,average,easy,easy,,,-,,,
Bo Nix,DEN,205,196,203,140,11,rookie,24,,GREAT,GOOD,GOOD,QB30,QB,14,-,average,hard,easy, ,,-,-,-,
Justin Fields,PIT,235,240,235,185,11,,25,,BAD,OK,OK,QB31,QB,9,-,hard,hard,easy, ,,-,-,-,
Ben Sinnott,WAS,213,182,207,186,11,rookie,22,,OK,GOOD,OK,TE26,TE,14,-,easy,hard,average, ,,-,,,-
Javon Baker,NE,217,187,214,187,11,rookie,22,,BAD,OK,BAD,WR79,WR,14,WR3,hard,average,easy, ,,-,,,-
Quentin Johnston,LAC,204,191,197,194,11,,22,,GREAT,OK,GOOD,WR77,WR,5,WR3,easy,average,easy,BOOM,BOOM,3.5,,,650.5
Darius Slayton,NYG,216,195,220,195,11,,27,,OK,OK,BAD,WR78,WR,11,WR3,average,average,easy, ,,-,,,-
Drake Maye,NE,241,246,243,196,11,rookie,21,,BAD,OK,BAD,QB32,QB,14,-,hard,average,easy, ,,-,-,-,
Audric Estime,DEN,219,194,226,197,11,rookie,20,,GREAT,GOOD,GOOD,RB61,RB,14,-,easy,easy,average, ,,-,,-,
Jalin Hyatt,NYG,220,201,217,199,11,,22,,OK,OK,BAD,WR81,WR,11,WR4,average,average,easy, ,,-,,,-
Tyler Boyd,TEN,229,199,213,200,11,,29,,BAD,BAD,BAD,WR84,WR,5,WR3,hard,easy,average, ,,-,,,-
Tank Bigsby,JAC,221,205,242,201,11,,22,,GREAT,BAD,OK,RB62,RB,12,-,average,hard,easy, ,,-,,-,
Alexander Mattison,LV,208,203,221,202,11,,26,,GREAT,GOOD,GOOD,RB60,RB,10,-,easy,average,easy, ,,-,,-,
Elijah Moore,CLE,223,207,216,203,11,,24,,ELITE,GREAT,ELITE,WR82,WR,10,WR3,average,average,easy, ,,-,,,-
Justice Hill,BAL,233,210,228,204,11,,26,,GOOD,OK,OK,RB67,RB,14,-,average,average,easy, ,,-,,-,
Roman Wilson,PIT,218,208,218,205,11,rookie,23,,BAD,OK,OK,WR80,WR,9,WR2,hard,hard,average, ,,-,,,-
Clyde Edwards-Helaire,KC,236,217,230,206,11,,25,,ELITE,GREAT,ELITE,RB69,RB,6,-,average,average,average, ,,-,,-,
D'Onta Foreman,CLE,226,215,247,207,11,,28,,ELITE,GREAT,ELITE,RB64,RB,10,-,hard,easy,easy, ,,-,,-,
Mike Gesicki,CIN,227,216,225,208,11,,28,,GOOD,GOOD,GREAT,TE28,TE,12,-,hard,average,easy, ,,-,,,-
AJ Dillon,GB,225,221,229,209,11,,26,,ELITE,OK,GREAT,RB63,RB,10,-,hard,hard,average, ,,-,,-,
Kenneth Gainwell,PHI,238,218,224,210,11,,25,,ELITE,ELITE,ELITE,RB70,RB,5,-,hard,easy,easy, ,,-,,-,
Malachi Corley,NYJ,243,227,240,211,11,rookie,22,,OK,ELITE,GREAT,WR86,WR,12,WR3,hard,easy,average, ,,-,,,-
Tucker Kraft,GB,224,222,223,212,11,,23,,ELITE,OK,GREAT,TE27,TE,10,-,average,average,average, ,,-,,,-
Kimani Vidal,LAC,230,223,231,213,11,rookie,22,,GREAT,OK,GOOD,RB65,RB,5,-,hard,easy,easy, ,,-,,-,
Jalen McMillan,TB,247,228,237,214,11,rookie,22,,GOOD,BAD,GOOD,WR88,WR,11,WR3,easy,average,easy, ,,-,,,-
Kendrick Bourne,NE,248,232,238,215,11,,29,,BAD,OK,BAD,WR89,WR,14,WR4,hard,average,easy, ,,-,,,-
DJ Chark Jr.,LAC,237,235,249,217,11,,27,,GREAT,OK,GOOD,WR85,WR,5,WR4,easy,average,easy,BOOM,BOOM,-,,,-
Troy Franklin,DEN,228,241,227,218,11,rookie,21,,GREAT,GOOD,GOOD,WR83,WR,14,WR3,hard,hard,easy, ,,-,,,-
Jamaal Williams,NO,240,244,250,219,11,,29,,BAD,OK,BAD,RB71,RB,12,-,average,easy,easy, ,,-,,-,
Miles Sanders,CAR,245,245,241,220,11,,27,,GREAT,GOOD,GOOD,RB72,RB,11,-,hard,easy,easy, ,,-,,-,
Keaton Mitchell,BAL,231,238,244,221,11,,22,,GOOD,OK,OK,RB66,RB,14,-,average,average,easy, ,,-,,-,
Odell Beckham Jr.,MIA,246,243,246,223,11,,31,,OK,GOOD,OK,WR87,WR,6,WR3,average,hard,easy, ,,-,,,-
Tyrone Tracy Jr.,NYG,234,234,234,224,11,rookie,24,,OK,OK,BAD,RB68,RB,11,-,easy,average,easy, ,,-,,-,
Michael Mayer,LV,244,253,239,227,11,,23,,GREAT,GOOD,GOOD,TE29,TE,10,-,easy,easy,easy,BOOM,,-,,,-
Jonnu Smith,MIA,249,252,248,231,11,,28,,OK,GOOD,OK,TE30,TE,6,-,hard,hard,easy, ,,-,,,-
Jason Sanders,MIA,206,214,202,#N/A,11,,28,,OK,GOOD,OK,K4,K,6,-,average,hard,easy,,,-,,,
Miami Dolphins,MIA,207,233,205,#N/A,11,,-,,OK,GOOD,OK,DST12,DST,6,-,easy,hard,average,,,-,,,
Ka'imi Fairbairn,HOU,209,226,209,#N/A,11,,30,,GOOD,OK,OK,K5,K,14,-,easy,hard,easy,,,-,,,
Jake Elliott,PHI,210,220,208,#N/A,11,,29,,ELITE,ELITE,ELITE,K6,K,5,-,easy,hard,average,,,-,,,
Jake Moody,SF,211,224,211,#N/A,11,,24,,OK,GREAT,OK,K7,K,9,-,hard,hard,easy,,,-,,,
Tyler Bass,BUF,212,231,212,#N/A,11,,27,,OK,GOOD,GOOD,K8,K,12,-,easy,easy,easy,,,-,,,
Younghoe Koo,ATL,214,229,215,#N/A,11,,30,,OK,ELITE,ELITE,K9,K,12,-,hard,hard,average,,,-,,,
Chicago Bears,CHI,215,237,219,#N/A,11,,-,,OK,ELITE,GOOD,DST13,DST,7,-,average,average,easy,,,-,,,
Evan McPherson,CIN,222,242,222,#N/A,11,,25,,GOOD,GOOD,GREAT,K10,K,12,-,easy,hard,easy,,,-,,,
Matt Gay,IND,232,248,232,#N/A,11,,30,,GREAT,GREAT,GREAT,K11,K,14,-,easy,easy,easy,,,-,,,
Indianapolis Colts,IND,239,254,236,#N/A,11,,-,,GREAT,GREAT,GREAT,DST14,DST,14,-,average,easy,easy,,,-,,,
Cameron Dicker,LAC,242,255,245,#N/A,11,,24,,GREAT,OK,GOOD,K12,K,5,-,easy,average,easy,,,-,,,
Dustin Hopkins,CLE,250,261,251,#N/A,11,,33,,ELITE,GREAT,ELITE,K13,K,10,-,easy,hard,average,,,-,,,
Gardner Minshew II,LV,259,249,255,198,12,,28,,GREAT,GOOD,GOOD,QB33,QB,10,-,average,hard,average, ,,-,-,-,
Zay Jones,ARI,253,236,233,216,12,,29,,OK,OK,BAD,WR91,WR,11,WR3,easy,average,easy, ,,-,,,-
Andrei Iosivas,CIN,252,239,252,222,12,,24,,GOOD,GOOD,GREAT,WR90,WR,12,WR4,average,hard,easy, ,,-,,,-
Trey Sermon,IND,261,250,270,225,12,,25,,GREAT,GREAT,GREAT,RB75,RB,14,-,hard,hard,easy, ,,-,,-,
Jordan Mason,SF,254,247,269,226,12,,25,,OK,GREAT,OK,RB74,RB,9,-,average,hard,easy, ,,-,,-,
Will Shipley,PHI,251,251,263,228,12,rookie,21,,ELITE,ELITE,ELITE,RB73,RB,5,-,hard,easy,easy, ,,-,,-,
Samaje Perine,DEN,275,257,261,229,12,,28,,GREAT,GOOD,GOOD,RB77,RB,14,-,easy,easy,average, ,,-,,-,
Dylan Laube,LV,272,256,267,230,12,rookie,24,,GREAT,GOOD,GOOD,RB76,RB,10,-,easy,average,easy, ,,-,,-,
Treylon Burks,TEN,260,259,258,232,12,,24,,BAD,BAD,BAD,WR92,WR (3rd Yr),5,WR4,hard,easy,average, ,,-,,,-
Jonathan Mingo,CAR,266,260,259,233,12,,23,,GREAT,GOOD,GOOD,WR94,WR,11,WR4,easy,easy,average,BOOM,BOOM,-,,,-
Josh Reynolds,DEN,267,258,268,234,12,,29,,GREAT,GOOD,GOOD,WR95,WR,14,WR4,hard,hard,easy, ,,-,,,-
A.T. Perry,NO,263,262,266,235,12,,24,,BAD,OK,BAD,WR93,WR,12,WR3,average,average,easy, ,,-,,,-
Dawson Knox,BUF,258,264,264,236,12,,27,,OK,GOOD,GOOD,TE31,TE,12,-,average,hard,easy, ,,-,,,-
Ja'Tavion Sanders,CAR,262,266,257,237,12,rookie,21,,GREAT,GOOD,GOOD,TE32,TE,11,-,average,average,easy, ,,-,,,-
Eric Gray,NYG,283,270,284,238,12,,24,,OK,OK,BAD,RB78,RB,11,-,easy,average,easy, ,,-,,-,
Zach Ertz,WAS,265,265,260,239,12,,33,,OK,GOOD,OK,TE33,TE,14,-,easy,hard,average, ,,-,,,-
Alec Pierce,IND,271,271,275,240,12,,24,,GREAT,GREAT,GREAT,WR96,WR (3rd Yr),14,WR4,average,easy,easy, ,,-,,,-
Luke McCaffrey,WAS,273,269,272,241,12,rookie,23,,OK,GOOD,OK,WR97,WR,14,WR3,easy,average,easy, ,,-,,,-
Gerald Everett,CHI,268,272,262,242,12,,30,,OK,ELITE,GOOD,TE34,TE,7,-,easy,average,average, ,,-,,,-
K.J. Osborn,NE,280,273,277,243,12,,27,,BAD,OK,BAD,WR101,WR,14,WR5,hard,average,easy, ,,-,,,-
Evan Hull,IND,285,279,285,244,12,,23,,GREAT,GREAT,GREAT,RB79,RB,14,-,hard,hard,easy, ,,-,,-,
Devontez Walker,BAL,277,278,281,245,12,rookie,23,,GOOD,OK,OK,WR98,WR,14,WR3,hard,average,average, ,,-,,,-
Cedric Tillman,CLE,282,283,279,246,12,,24,,ELITE,GREAT,ELITE,WR102,WR,10,WR4,average,average,easy, ,,-,,,-
Greg Dortch,ARI,278,274,271,247,12,,26,,OK,OK,BAD,WR99,WR,11,WR4,easy,average,easy, ,,-,,,-
Jelani Woods,IND,269,281,274,248,12,,25,,GREAT,GREAT,GREAT,TE35,TE,14,-,average,average,easy, ,,-,,,-
Trey Palmer,TB,284,284,283,249,12,,23,,GOOD,BAD,GOOD,WR103,WR,11,WR4,easy,average,easy, ,,-,,,-
Cordarrelle Patterson,PIT,293,285,289,250,12,,33,,BAD,OK,OK,RB81,RB,9,-,hard,easy,easy, ,,-,,-,
Jalen Tolbert,DAL,279,280,280,251,12,,25,,GOOD,GREAT,GOOD,WR100,WR (3rd Yr),7,WR3,hard,average,easy, ,,-,,,-
D'Ernest Johnson,JAC,294,288,294,252,12,,28,,GREAT,BAD,OK,RB82,RB,12,-,average,hard,easy, ,,-,,-,
Deuce Vaughn,DAL,290,291,287,253,12,,22,,GOOD,GREAT,GOOD,RB80,RB,7,-,easy,average,easy,BOOM,,-,,-,
Greg Dulcich,DEN,281,286,282,254,12,,24,,GREAT,GOOD,GOOD,TE36,TE,14,-,average,hard,easy, ,,-,,,-
Noah Brown,HOU,286,290,286,255,12,,28,,GOOD,OK,OK,WR104,WR,14,WR4,hard,average,average, ,,-,,,-
Michael Carter,ARI,301,292,292,256,12,,25,,OK,OK,BAD,RB86,RB,11,-,average,hard,average, ,,-,,-,
Jeff Wilson Jr.,MIA,299,301,303,259,12,,28,,OK,GOOD,OK,RB84,RB,6,-,easy,average,average, ,,-,,-,
Pierre Strong Jr.,CLE,300,300,307,260,12,,25,,ELITE,GREAT,ELITE,RB85,RB,10,-,hard,easy,easy, ,,-,,-,
Kadarius Toney,KC,292,299,296,261,12,,25,,ELITE,GREAT,ELITE,WR105,WR,6,WR4,average,average,average, ,,-,,,-
Aidan O'Connell,LV,288,293,288,263,12,,25,,GREAT,GOOD,GOOD,QB34,QB,10,-,average,hard,average, ,,-,-,-,
Isaac Guerendo,SF,298,304,306,265,12,rookie,24,,OK,GREAT,OK,RB83,RB,9,-,average,hard,easy, ,,-,,-,
Colby Parkinson,LAR,287,295,290,266,12,,25,,GOOD,GOOD,GREAT,TE37,TE,6,-,easy,average,easy, ,,-,,,-
Jacoby Brissett,NE,289,294,293,268,12,,31,,BAD,OK,BAD,QB35,QB,14,-,hard,average,easy, ,,-,-,-,
Tyler Higbee,LAR,296,305,291,270,12,,31,,GOOD,GOOD,GREAT,TE38,TE,6,-,easy,average,easy, ,,-,,,-
Detroit Lions,DET,255,267,256,#N/A,12,,-,,ELITE,ELITE,ELITE,DST15,DST,5,-,hard,hard,average,,,-,,,
Cairo Santos,CHI,256,263,253,#N/A,12,,32,,OK,ELITE,GOOD,K14,K,7,-,average,easy,average,,,-,,,
Jason Myers,SEA,257,268,254,#N/A,12,,33,,BAD,OK,OK,K15,K,10,-,hard,easy,easy,,,-,,,
Minnesota Vikings,MIN,264,282,265,#N/A,12,,-,,GREAT,ELITE,GREAT,DST16,DST,6,-,hard,average,easy,,,-,,,
Jacksonville Jaguars,JAC,270,275,273,#N/A,12,,-,,GREAT,BAD,OK,DST17,DST,12,-,hard,easy,average,,,-,,,
Daniel Carlson,LV,274,276,276,#N/A,12,,29,,GREAT,GOOD,GOOD,K16,K,10,-,hard,hard,average,,,-,,,
Cincinnati Bengals,CIN,276,277,278,#N/A,12,,-,,GOOD,GOOD,GREAT,DST18,DST,12,-,easy,easy,average,,,-,,,
Blake Grupe,NO,291,289,295,#N/A,12,,25,,BAD,OK,BAD,K17,K,12,-,easy,easy,average,,,-,,,
Greg Zuerlein,NYJ,295,287,298,#N/A,12,,36,,OK,ELITE,GREAT,K18,K,12,-,hard,easy,average,,,-,,,
Green Bay Packers,GB,297,296,297,#N/A,12,,-,,ELITE,OK,GREAT,DST19,DST,10,-,average,hard,easy,,,-,,,
Denver Broncos,DEN,302,307,302,#N/A,12,,-,,GREAT,GOOD,GOOD,DST20,DST,14,-,easy,average,average,,,-,,,
Chris Rodriguez Jr.,WAS,303,297,301,257,13,,23,,OK,GOOD,OK,RB87,RB,14,-,easy,average,easy,,,-,,-,
Emari Demercado,ARI,310,298,300,258,13,,25,,OK,OK,BAD,RB91,RB,11,-,average,hard,average, ,,-,,-,
Chase Edmonds,TB,309,303,305,262,13,,28,,GOOD,BAD,GOOD,RB90,RB,11,-,hard,easy,easy, ,,-,,-,
Brenden Rice,LAC,305,302,304,264,13,rookie,22,,GREAT,OK,GOOD,WR106,WR,5,WR5,easy,average,easy,BOOM,BOOM,-,,,-
Israel Abanikanda,NYJ,306,306,308,267,13,,21,,OK,ELITE,GREAT,RB88,RB,12,-,average,hard,average, ,,-,,-,
Cam Akers,HOU,315,308,316,269,13,,25,,GOOD,OK,OK,RB92,RB,14,-,average,average,average, ,,-,,-,
Jacob Cowing,SF,307,310,311,271,13,rookie,23,,OK,GREAT,OK,WR107,WR,9,WR4,average,hard,easy, ,,-,,,-
Tyler Scott,CHI,314,312,312,272,13,,22,,OK,ELITE,GOOD,WR109,WR,7,WR4,easy,easy,easy, ,,-,,,-
Theo Johnson,NYG,304,309,299,273,13,rookie,23,,OK,OK,BAD,TE39,TE,11,-,average,easy,easy, ,,-,,,-
Deneric Prince,KC,308,311,314,274,13,,24,,ELITE,GREAT,ELITE,RB89,RB,6,-,average,average,average, ,,-,,-,
Robert Woods,HOU,316,313,309,275,13,,32,,GOOD,OK,OK,WR110,WR,14,WR5,hard,average,average, ,,-,,,-
Ronnie Rivers,LAR,318,314,319,276,13,,25,,GOOD,GOOD,GREAT,RB93,RB,6,-,easy,average,average, ,,-,,-,
Isaiah Spiller,LAC,321,317,320,277,13,,23,,GREAT,OK,GOOD,RB95,RB,5,-,hard,easy,easy, ,,-,,-,
Tutu Atwell,LAR,312,315,313,278,13,,24,,GOOD,GOOD,GREAT,WR108,WR,6,WR4,easy,average,easy, ,,-,,,-
Daniel Bellinger,NYG,317,319,315,279,13,,23,,OK,OK,BAD,TE40,TE,11,-,average,easy,easy, ,,-,,,-
Rasheen Ali,BAL,322,322,324,280,13,rookie,23,,GOOD,OK,OK,RB96,RB,14,-,average,average,easy, ,,-,,-,
Royce Freeman,DAL,319,321,321,281,13,,28,,GOOD,GREAT,GOOD,RB94,RB,7,-,easy,average,easy,BOOM,,-,,-,
Hayden Hurst,LAC,320,318,318,282,13,,30,,GREAT,OK,GOOD,TE41,TE,5,-,hard,average,average, ,,-,,,-
Kareem Hunt,FA,326,326,326,283,13,,29,,-,-,-,RB97,RB,-,-,-,-,-,-,,-,,-,
Tim Patrick,DEN,325,324,325,284,13,,30,,GREAT,GOOD,GOOD,WR112,WR,14,WR5,hard,hard,easy, ,,-,,,-
Kalif Raymond,DET,324,325,322,285,13,,30,,ELITE,ELITE,ELITE,WR111,WR,5,WR3,hard,easy,average, ,,-,,,-
Salvon Ahmed,MIA,339,330,327,286,13,,-,,OK,GOOD,OK,RB100,RB,6,-,easy,average,average, ,,-,,-,
Jerick McKinnon,FA,334,334,328,287,13,,32,,-,-,-,RB98,RB,-,-,-,-,-,-,,-,,-,
Ty Johnson,BUF,336,329,332,288,13,,26,,OK,GOOD,GOOD,RB99,RB,12,-,easy,hard,easy, ,,-,,-,
Van Jefferson,PIT,327,327,329,289,13,,28,,BAD,OK,OK,WR113,WR,9,WR4,hard,hard,average, ,,-,,,-
Nelson Agholor,BAL,330,328,330,290,13,,31,,GOOD,OK,OK,WR116,WR,14,WR4,hard,average,average, ,,-,,,-
Calvin Austin III,PIT,337,331,333,291,13,,25,,BAD,OK,OK,WR120,WR (3rd Yr),9,WR3,hard,hard,average, ,,-,,,-
Marquez Valdes-Scantling,BUF,329,333,338,292,13,,29,,OK,GOOD,GOOD,WR115,WR,12,WR4,average,hard,average, ,,-,,,-
Jauan Jennings,SF,335,332,336,293,13,,27,,OK,GREAT,OK,WR119,WR,9,WR5,average,hard,easy, ,,-,,,-
Michael Thomas,FA,331,337,334,294,13,,31,,-,-,-,WR117,WR,-,-,-,-,-,-,,-,,,-
Tre Tucker,LV,333,336,337,295,13,,23,,GREAT,GOOD,GOOD,WR118,WR,10,WR3,average,average,easy, ,,-,,,-
Malik Washington,MIA,340,338,340,296,13,rookie,23,,OK,GOOD,OK,WR121,WR,6,WR4,average,hard,easy, ,,-,,,-
Donald Parham Jr.,LAC,338,340,341,297,13,,26,,GREAT,OK,GOOD,TE42,TE,5,-,hard,average,average, ,,-,,,-
Allen Lazard,NYJ,328,339,331,298,13,,28,,OK,ELITE,GREAT,WR114,WR,12,WR4,hard,easy,average, ,,-,,,-
Bo Melton,GB,341,341,339,299,13,,25,,ELITE,OK,GREAT,WR122,WR (3rd Yr),10,WR5,hard,easy,average, ,,-,,,-
Kylen Granson,IND,343,344,343,304,13,,26,,GREAT,GREAT,GREAT,TE43,TE,14,-,average,average,easy, ,,-,,,-
Dalvin Cook,FA,342,355,348,308,13,,29,,-,-,-,RB101,RB,-,-,-,-,-,-,,-,,-,
Michael Penix Jr.,ATL,323,323,323,337,13,rookie,24,,OK,ELITE,ELITE,QB36,QB,12,-,easy,average,easy, ,,-,-,-,
Sam Howell,SEA,332,348,335,351,13,,23,,BAD,OK,OK,QB37,QB,10,-,average,average,easy, ,,-,-,-,
New England Patriots,NE,311,320,310,#N/A,13,,-,,BAD,OK,BAD,DST21,DST,14,-,average,hard,easy,,,-,,,
Las Vegas Raiders,LV,313,316,317,#N/A,13,,-,,GREAT,GOOD,GOOD,DST22,DST,10,-,hard,average,easy,,,-,,,
Donovan Peoples-Jones,DET,348,342,346,300,14,,25,,ELITE,ELITE,ELITE,WR124,WR,5,WR4,hard,easy,average, ,,-,,,-
Xavier Gipson,NYJ,345,343,344,301,14,,23,,OK,ELITE,GREAT,WR123,WR,12,WR5,hard,easy,average, ,,-,,,-
Noah Gray,KC,354,345,349,302,14,,25,,ELITE,GREAT,ELITE,TE45,TE,6,-,average,average,easy, ,,-,,,-
Skyy Moore,KC,353,347,350,303,14,,23,,ELITE,GREAT,ELITE,WR125,WR (3rd Yr),6,WR5,average,average,average, ,,-,,,-
Joshua Kelley,FA,347,352,342,305,14,,26,,-,-,-,RB102,RB,-,-,-,-,-,-,,-,,-,
Will Dissly,LAC,350,346,347,306,14,,28,,GREAT,OK,GOOD,TE44,TE,5,-,hard,average,average, ,,-,,,-
Johnny Wilson,PHI,357,354,353,307,14,rookie,23,,ELITE,ELITE,ELITE,WR126,WR,5,WR3,easy,hard,easy,BOOM,BOOM,-,,,-
Craig Reynolds,DET,351,356,359,309,14,,28,,ELITE,ELITE,ELITE,RB103,RB,5,-,easy,average,average,BOOM,,-,,-,
Erick All Jr.,CIN,356,358,355,310,14,rookie,23,,GOOD,GOOD,GREAT,TE47,TE,12,-,hard,average,easy, ,,-,,,-
Jawhar Jordan,HOU,359,362,366,311,14,rookie,24,,GOOD,OK,OK,RB104,RB,14,-,average,average,average, ,,-,,-,
Brevin Jordan,HOU,362,361,376,312,14,,24,,GOOD,OK,OK,TE48,TE,14,-,easy,hard,easy, ,,-,,,-
Brandon Powell,MIN,378,357,367,313,14,,28,,GREAT,ELITE,GREAT,WR135,WR,6,WR3,easy,average,easy,BOOM,BOOM,-,,,-
Parris Campbell,PHI,370,364,357,314,14,,27,,ELITE,ELITE,ELITE,WR131,WR,5,WR5,easy,hard,easy,BOOM,BOOM,-,,,-
Cedrick Wilson Jr.,NO,364,365,370,315,14,,28,,BAD,OK,BAD,WR128,WR,12,WR4,average,average,easy, ,,-,,,-
JuJu Smith-Schuster,NE,366,372,360,316,14,,27,,BAD,OK,BAD,WR130,WR,14,-,hard,average,easy, ,,-,,,-
Justin Watson,KC,374,360,372,317,14,,28,,ELITE,GREAT,ELITE,WR133,WR,6,WR6,average,average,average, ,,-,,,-
Jordan Whittington,LAR,365,371,356,318,14,rookie,23,,GOOD,GOOD,GREAT,WR129,WR,6,WR5,easy,average,easy, ,,-,,,-
John Metchie III,HOU,361,370,364,319,14,,24,,GOOD,OK,OK,WR127,WR,14,WR6,hard,average,average, ,,-,,,-
Jeremy Ruckert,NYJ,383,376,382,320,14,,24,,OK,ELITE,GREAT,TE51,TE,12,-,hard,average,easy, ,,-,,,-
Tanner Hudson,CIN,368,375,368,321,14,,29,,GOOD,GOOD,GREAT,TE49,TE,12,-,hard,average,easy, ,,-,,,-
Keaontay Ingram,KC,371,379,374,322,14,,24,,ELITE,GREAT,ELITE,RB106,RB,6,-,average,average,average, ,,-,,-,
Logan Thomas,SF,355,377,362,323,14,,33,,OK,GREAT,OK,TE46,TE,9,-,hard,easy,easy, ,,-,,,-
Matt Breida,SF,367,381,365,324,14,,29,,OK,GREAT,OK,RB105,RB,9,-,average,hard,easy, ,,-,,-,
Ainias Smith,PHI,397,378,394,325,14,rookie,23,,ELITE,ELITE,ELITE,WR140,WR,5,WR4,easy,hard,easy,BOOM,BOOM,-,,,-
Cade Stover,HOU,379,386,377,326,14,rookie,24,,GOOD,OK,OK,TE50,TE,14,-,easy,hard,easy, ,,-,,,-
Trenton Irwin,CIN,396,388,398,327,14,,28,,GOOD,GOOD,GREAT,WR139,WR,12,WR5,average,hard,easy, ,,-,,,-
Nyheim Hines,CLE,386,383,373,328,14,,-,,ELITE,GREAT,ELITE,RB109,RB,10,-,hard,easy,easy, ,,-,,-,
Josh Oliver,MIN,393,389,388,329,14,,27,,GREAT,ELITE,GREAT,TE55,TE,6,-,average,hard,easy, ,,-,,,-
Mack Hollins,BUF,394,391,393,330,14,,30,,OK,GOOD,GOOD,WR138,WR,12,WR6,average,hard,average, ,,-,,,-
Tommy Tremble,CAR,388,384,386,331,14,,24,,GREAT,GOOD,GOOD,TE53,TE,11,-,average,average,easy, ,,-,,,-
Jalen Nailor,MIN,375,393,371,332,14,,-,,GREAT,ELITE,GREAT,WR134,WR (3rd Yr),6,WR5,easy,average,easy,BOOM,,-,,,-
Ray-Ray McCloud III,ATL,372,387,369,333,14,,27,,OK,ELITE,ELITE,WR132,WR,12,WR3,average,easy,easy, ,,-,,,-
Isaiah Davis,NYJ,373,400,381,334,14,rookie,22,,OK,ELITE,GREAT,RB107,RB,12,-,average,hard,average, ,,-,,-,
Parker Washington,JAC,405,392,390,335,14,,22,,GREAT,BAD,OK,WR141,WR,12,WR4,hard,easy,average, ,,-,,,-
Jaret Patterson,LAC,380,397,378,336,14,,24,,GREAT,OK,GOOD,RB108,RB,5,-,hard,easy,easy, ,,-,,-,
Johnny Mundt,MIN,392,401,387,338,14,,29,,GREAT,ELITE,GREAT,TE54,TE,6,-,average,hard,easy, ,,-,,,-
Austin Hooper,NE,395,398,389,339,14,,-,,BAD,OK,BAD,TE56,TE,14,-,easy,average,average, ,,-,,,-
Hunter Renfrow,FA,384,402,380,340,14,,28,,-,-,-,WR136,WR,-,-,-,-,-,-,,-,,,-
KaVontae Turpin,DAL,389,394,412,341,14,,-,,GOOD,GREAT,GOOD,WR137,WR,7,WR4,hard,average,easy, ,,-,,,-
Ameer Abdullah,LV,402,395,391,342,14,,31,,GREAT,GOOD,GOOD,RB113,RB,10,-,easy,average,easy, ,,-,,-,
Kevin Harris,NE,398,399,399,343,14,,23,,BAD,OK,BAD,RB110,RB,14,-,hard,hard,easy, ,,-,,-,
Davis Allen,LAR,387,404,385,344,14,,23,,GOOD,GOOD,GREAT,TE52,TE,6,-,easy,average,easy, ,,-,,,-
Blake Watson,DEN,400,406,396,345,14,rookie,24,,GREAT,GOOD,GOOD,RB111,RB,14,-,easy,easy,average, ,,-,,-,
Jaheim Bell,NE,403,407,397,347,14,rookie,23,,BAD,OK,BAD,TE57,TE,14,-,easy,average,average, ,,-,,,-
Trayveon Williams,CIN,401,419,402,352,14,,-,,GOOD,GOOD,GREAT,RB112,RB,12,-,hard,average,easy, ,,-,,-,
Dyami Brown,WAS,409,417,403,354,14,,24,,OK,GOOD,OK,WR142,WR,14,WR6,easy,average,easy, ,,-,,,-
Jase McClellan,ATL,414,413,416,355,14,rookie,22,,OK,ELITE,ELITE,RB115,RB,12,-,average,easy,easy, ,,-,,-,
Sean Tucker,TB,417,420,413,356,14,,22,,GOOD,BAD,GOOD,RB116,RB,11,-,hard,easy,easy, ,,-,,-,
Latavius Murray,FA,407,424,407,360,14,,34,,-,-,-,RB114,RB,-,-,-,-,-,-,,-,,-,
Josh Whyle,TEN,419,425,409,361,14,,-,,BAD,BAD,BAD,TE58,TE,5,-,average,easy,easy, ,,-,,,-
Jarrett Stidham,DEN,358,369,358,369,14,,28,,GREAT,GOOD,GOOD,QB40,QB,14,-,average,hard,easy, ,,-,-,-,
Kenny Pickett,PHI,377,408,375,384,14,,26,,ELITE,ELITE,ELITE,QB42,QB,5,-,easy,hard,average,BOOM,BOOM,-,-,-,
Drew Lock,NYG,352,363,351,451,14,,27,,OK,OK,BAD,QB39,QB,11,-,average,hard,easy, ,,-,-,-,
Joe Flacco,IND,346,359,345,454,14,,39,,GREAT,GREAT,GREAT,QB38,QB,14,-,average,easy,average, ,,-,-,-,
Jameis Winston,CLE,363,374,361,457,14,,30,,ELITE,GREAT,ELITE,QB41,QB,10,-,hard,easy,average, ,,-,-,-,
Tampa Bay Buccaneers,TB,344,335,352,#N/A,14,,-,,GOOD,BAD,GOOD,DST23,DST,11,-,average,easy,easy,,,-,,,
Jake Bates,DET,349,368,354,#N/A,14,,-,,ELITE,ELITE,ELITE,K19,K,5,-,average,hard,easy,,,-,,,
Wil Lutz,DEN,360,350,363,#N/A,14,,30,,GREAT,GOOD,GOOD,K20,K,14,-,average,hard,average,,,-,,,
Seattle Seahawks,SEA,369,349,379,#N/A,14,,-,,BAD,OK,OK,DST24,DST,10,-,easy,easy,average,,,-,,,
New York Giants,NYG,376,367,383,#N/A,14,,-,,OK,OK,BAD,DST25,DST,11,-,hard,average,average,,,-,,,
Los Angeles Rams,LAR,381,353,392,#N/A,14,,-,,GOOD,GOOD,GREAT,DST26,DST,6,-,hard,hard,easy,,,-,,,
Atlanta Falcons,ATL,382,366,405,#N/A,14,,-,,OK,ELITE,ELITE,DST27,DST,12,-,hard,easy,average,,,-,,,
Jake Browning,CIN,385,403,384,#N/A,14,,28,,GOOD,GOOD,GREAT,QB43,QB,12,-,hard,hard,easy, ,,-,-,-,
Chris Boswell,PIT,390,351,395,#N/A,14,,33,,BAD,OK,OK,K21,K,9,-,hard,easy,easy,,,-,,,
Los Angeles Chargers,LAC,391,373,404,#N/A,14,,-,,GREAT,OK,GOOD,DST28,DST,5,-,easy,easy,easy,,,-,,,
Greg Joseph,GB,399,382,418,#N/A,14,,30,,ELITE,OK,GREAT,K22,K,10,-,average,easy,easy,,,-,,,
Brandon McManus,FA,404,396,401,#N/A,14,,33,,-,-,-,K23,K,-,-,-,-,-,,,-,,,
Anders Carlson,GB,406,411,429,#N/A,14,,-,,ELITE,OK,GREAT,K24,K,10,-,average,easy,easy,,,-,,,
Eddy Pineiro,CAR,410,410,434,#N/A,14,,28,,GREAT,GOOD,GOOD,K25,K,11,-,easy,average,average,,,-,,,
Washington Commanders,WAS,411,434,415,#N/A,14,,-,,OK,GOOD,OK,DST29,DST,14,-,average,easy,average,,,-,,,
Chase McLaughlin,TB,412,385,421,#N/A,14,,28,,GOOD,BAD,GOOD,K26,K,11,-,hard,average,easy,,,-,,,
Graham Gano,NYG,413,429,419,#N/A,14,,37,,OK,OK,BAD,K27,K,11,-,hard,hard,easy,,,-,,,
Carolina Panthers,CAR,415,380,437,#N/A,14,,-,,GREAT,GOOD,GOOD,DST30,DST,11,-,hard,easy,easy,,,-,,,
Matt Prater,ARI,416,390,423,#N/A,14,,40,,OK,OK,BAD,K28,K,11,-,average,hard,easy,,,-,,,
Darnell Washington,PIT,424,405,410,346,15,,22,,BAD,OK,OK,TE59,TE,9,-,hard,average,easy, ,,-,,,-
Kyle Juszczyk,SF,425,409,400,348,15,,-,,OK,GREAT,OK,RB119,RB,9,-,average,hard,easy, ,,-,,-,
Xavier Hutchinson,HOU,420,412,411,349,15,,24,,GOOD,OK,OK,WR143,WR,14,WR7,hard,average,average, ,,-,,,-
Nick Westbrook-Ikhine,TEN,435,415,439,350,15,,27,,BAD,BAD,BAD,WR146,WR,5,WR5,hard,easy,average, ,,-,,,-
Foster Moreau,NO,431,414,422,353,15,,27,,BAD,OK,BAD,TE61,TE,12,-,hard,easy,easy, ,,-,,,-
Kenny McIntosh,SEA,421,421,408,357,15,,24,,BAD,OK,OK,RB117,RB,10,-,hard,easy,average, ,,-,,-,
Jake Bobo,SEA,433,416,425,358,15,,26,,BAD,OK,OK,WR144,WR,10,WR4,easy,average,easy, ,,-,,,-
Adam Trautman,DEN,428,418,420,359,15,,27,,GREAT,GOOD,GOOD,TE60,TE,14,-,average,hard,easy, ,,-,,,-
Jamari Thrash,CLE,474,426,470,362,15,rookie,23,,ELITE,GREAT,ELITE,WR164,WR,10,WR5,average,average,easy, ,,-,,,-
Lucas Krull,DEN,441,427,447,364,15,,26,,GREAT,GOOD,GOOD,TE62,TE,14,-,average,hard,easy, ,,-,,,-
Luke Schoonmaker,DAL,442,432,453,365,15,,25,,GOOD,GREAT,GOOD,TE63,TE,7,-,hard,hard,average, ,,-,,,-
Cole Turner,WAS,443,433,430,366,15,,24,,OK,GOOD,OK,TE64,TE,14,-,easy,hard,average, ,,-,,,-
Malik Davis,DAL,422,431,427,367,15,,25,,GOOD,GREAT,GOOD,RB118,RB,7,-,easy,average,easy,BOOM,,-,,-,
Jared Wiley,KC,465,437,459,368,15,rookie,23,,ELITE,GREAT,ELITE,TE67,TE,6,-,average,average,easy, ,,-,,,-
Chris Moore,ARI,445,441,441,370,15,,-,,OK,OK,BAD,WR151,WR,11,WR5,easy,average,easy, ,,-,,,-
Ryan Flournoy,DAL,440,440,433,371,15,rookie,24,,GOOD,GREAT,GOOD,WR149,WR,7,WR5,hard,average,easy, ,,-,,,-
Tyquan Thornton,NE,439,442,438,372,15,,24,,BAD,OK,BAD,WR148,WR (3rd Yr),14,WR6,hard,average,easy, ,,-,,,-
Frank Gore Jr.,BUF,438,445,481,373,15,rookie,22,,OK,GOOD,GOOD,RB121,RB,12,-,easy,hard,easy, ,,-,,-,
Durham Smythe,MIA,487,446,468,374,15,,29,,OK,GOOD,OK,TE73,TE,6,-,hard,hard,easy, ,,-,,,-
Braxton Berrios,MIA,454,447,440,375,15,,-,,OK,GOOD,OK,WR156,WR,6,WR5,average,hard,easy, ,,-,,,-
Quez Watkins,PIT,444,449,460,376,15,,26,,BAD,OK,OK,WR150,WR,9,WR5,hard,hard,average, ,,-,,,-
Jalen Brooks,DAL,452,448,446,377,15,,-,,GOOD,GREAT,GOOD,WR154,WR,7,WR6,hard,average,easy, ,,-,,,-
Will Mallory,IND,463,450,449,378,15,,25,,GREAT,GREAT,GREAT,TE66,TE,14,-,average,average,easy, ,,-,,,-
Mecole Hardman Jr.,KC,434,439,444,379,15,,26,,ELITE,GREAT,ELITE,WR145,WR,6,WR7,average,average,average, ,,-,,,-
Boston Scott,LAR,457,458,454,381,15,,29,,GOOD,GOOD,GREAT,RB123,RB,6,-,easy,average,average, ,,-,,-,
Charlie Jones,CIN,448,457,436,382,15,,25,,GOOD,GOOD,GREAT,WR152,WR,12,WR6,average,hard,easy, ,,-,,,-
Robert Tonyan,MIN,478,466,482,385,15,,-,,GREAT,ELITE,GREAT,TE70,TE,6,-,average,hard,easy, ,,-,,,-
Tyler Goodson,IND,446,465,450,387,15,,23,,GREAT,GREAT,GREAT,RB122,RB,14,-,hard,hard,easy, ,,-,,-,
Casey Washington,ATL,453,464,445,389,15,rookie,23,,OK,ELITE,ELITE,WR155,WR,12,WR4,average,easy,easy, ,,-,,,-
Jamison Crowder,WAS,449,467,452,390,15,,-,,OK,GOOD,OK,WR153,WR,14,WR4,easy,average,easy,,,-,,,-
Isaiah McKenzie,NYG,455,451,469,391,15,,-,,OK,OK,BAD,WR157,WR,11,WR6,average,average,easy, ,,-,,,-
Kene Nwangwu,MIN,462,454,457,392,15,,-,,GREAT,ELITE,GREAT,RB124,RB,6,-,average,average,easy, ,,-,,-,
Bub Means,NO,468,470,485,394,15,rookie,23,,BAD,OK,BAD,WR161,WR,12,WR5,average,average,easy, ,,-,,,-
Isaiah Hodgins,NYG,472,471,474,395,15,,25,,OK,OK,BAD,WR162,WR,11,WR5,average,average,easy, ,,-,,,-
DeeJay Dallas,ARI,484,472,471,396,15,,25,,OK,OK,BAD,RB129,RB,11,-,average,hard,average, ,,-,,-,
David Bell,CLE,473,473,488,398,15,,23,,ELITE,GREAT,ELITE,WR163,WR (3rd Yr),10,WR6,average,average,easy, ,,-,,,-
AJ Barner,SEA,481,477,475,399,15,rookie,22,,BAD,OK,OK,TE71,TE,10,-,hard,average,average, ,,-,,,-
Mac Jones,JAC,427,436,426,400,15,,25,,GREAT,BAD,OK,QB46,QB,12,-,average,easy,easy, ,,-,-,-,
Irv Smith Jr.,KC,469,479,466,403,15,,26,,ELITE,GREAT,ELITE,TE68,TE,6,-,average,average,easy, ,,-,,,-
Terrace Marshall Jr.,CAR,460,461,443,406,15,,24,,GREAT,GOOD,GOOD,WR160,WR,11,WR5,easy,easy,average,BOOM,BOOM,-,,,-
Emanuel Wilson,GB,476,482,458,407,15,,-,,ELITE,OK,GREAT,RB128,RB,10,-,hard,hard,average, ,,-,,-,
Cornelius Johnson,LAC,490,490,494,410,15,rookie,-,,GREAT,OK,GOOD,WR166,WR,5,WR7,easy,average,easy,BOOM,BOOM,-,,,-
Mo Alie-Cox,IND,451,488,464,411,15,,-,,GREAT,GREAT,GREAT,TE65,TE,14,-,average,average,easy, ,,-,,,-
Brock Wright,DET,477,491,476,413,15,,25,,ELITE,ELITE,ELITE,TE69,TE,5,-,average,average,average, ,,-,,,-
Jalen Guyton,LV,483,486,506,424,15,,-,,GREAT,GOOD,GOOD,WR165,WR,10,WR4,average,average,easy, ,,-,,,-
Zach Evans,LAR,486,508,479,428,15,,23,,GOOD,GOOD,GREAT,RB130,RB,6,-,easy,average,average, ,,-,,-,
Kendall Milton,PHI,492,511,491,429,15,rookie,22,,ELITE,ELITE,ELITE,RB132,RB,5,-,hard,easy,easy, ,,-,,-,
Leonard Fournette,FA,471,512,480,430,15,,29,,-,-,-,RB127,RB,-,-,-,-,-,-,,-,,-,
Justyn Ross,KC,456,513,473,431,15,,24,,ELITE,GREAT,ELITE,WR158,WR,6,WR8,average,average,average, ,,-,,,-
Tip Reiman,ARI,495,500,522,440,15,rookie,22,,OK,OK,BAD,TE76,TE,11,-,hard,easy,average, ,,-,,,-
Ian Thomas,CAR,482,526,477,441,15,,-,,GREAT,GOOD,GOOD,TE72,TE,11,-,average,average,easy, ,,-,,,-
Spencer Rattler,NO,432,468,428,446,15,rookie,23,,BAD,OK,BAD,QB47,QB,12,-,hard,easy,easy, ,,-,-,-,
Michael Wiley,WAS,493,599,509,504,15,rookie,-,,OK,GOOD,OK,RB133,RB,14,-,easy,average,easy,,,-,,-,
Andy Dalton,CAR,461,519,463,529,15,,36,,GREAT,GOOD,GOOD,QB50,QB,11,-,easy,easy,easy,BOOM,BOOM,-,-,-,
Zach Wilson,DEN,485,576,484,549,15,,25,,GREAT,GOOD,GOOD,QB55,QB,14,-,average,hard,easy, ,,-,-,-,
Tyrod Taylor,NYJ,426,435,424,#N/A,15,,35,,OK,ELITE,GREAT,QB45,QB,12,-,hard,hard,average, ,,-,-,-,
Riley Patterson,WAS,429,453,465,#N/A,15,,24,,OK,GOOD,OK,K31,K,14,-,hard,hard,easy,,,-,,,
Will Reichard,MIN,436,459,432,#N/A,15,,-,,GREAT,ELITE,GREAT,K32,K,6,-,hard,easy,average,,,-,,,
Joshua Dobbs,SF,447,443,442,#N/A,15,,29,,OK,GREAT,OK,QB48,QB,9,-,average,hard,easy, ,,-,-,-,
Nick Folk,TEN,464,438,505,#N/A,15,,39,,BAD,BAD,BAD,K34,K,5,-,average,easy,average,,,-,,,
Carson Wentz,KC,475,460,462,#N/A,15,,31,,ELITE,GREAT,ELITE,QB52,QB,6,-,easy,average,average,BOOM,,-,-,-,
Jimmy Garoppolo,LAR,479,484,489,#N/A,15,,32,,GOOD,GOOD,GREAT,QB53,QB,6,-,easy,easy,average, ,,-,-,-,
Cody Schrader,SF,496,463,455,388,16,rookie,24,,OK,GREAT,OK,RB134,RB,9,-,average,hard,easy, ,,-,,-,
Trent Sherfield Sr.,MIN,505,478,495,401,16,,-,,GREAT,ELITE,GREAT,WR170,WR,6,WR4,easy,average,easy,BOOM,BOOM,-,,,-
Jordan Akins,CLE,527,474,511,402,16,,-,,ELITE,GREAT,ELITE,TE82,TE,10,-,average,average,easy, ,,-,,,-
Devin Duvernay,JAC,502,476,487,404,16,,-,,GREAT,BAD,OK,WR169,WR,12,WR5,hard,easy,average, ,,-,,,-
Kyle Philips,TEN,498,481,508,405,16,,25,,BAD,BAD,BAD,WR168,WR (3rd Yr),5,WR6,hard,easy,average, ,,-,,,-
Keilan Robinson,JAC,508,494,507,415,16,rookie,24,,GREAT,BAD,OK,RB138,RB,12,-,average,hard,easy, ,,-,,-,
Raheem Blackshear,CAR,517,497,492,417,16,,-,,GREAT,GOOD,GOOD,RB141,RB,11,-,hard,easy,easy, ,,-,,-,
Laviska Shenault Jr.,SEA,513,475,501,419,16,,-,,BAD,OK,OK,WR173,WR,10,WR5,easy,average,easy, ,,-,,,-
Allen Robinson II,NYG,524,487,518,426,16,,30,,OK,OK,BAD,WR176,WR,11,WR7,average,average,easy, ,,-,,,-
Chris Brooks,MIA,506,521,502,438,16,,-,,OK,GOOD,OK,RB137,RB,6,-,easy,average,average, ,,-,,-,
Anthony Gould,IND,516,510,512,449,16,rookie,-,,GREAT,GREAT,GREAT,WR174,WR,14,WR5,average,easy,easy, ,,-,,,-
Dallin Holker,NO,528,553,527,470,16,rookie,24,,BAD,OK,BAD,TE83,TE,12,-,hard,easy,easy, ,,-,,,-
Sterling Shepard,TB,529,558,524,471,16,,31,,GOOD,BAD,GOOD,WR177,WR,11,WR5,easy,average,easy, ,,-,,,-
Brenton Strange,JAC,531,604,528,508,16,,23,,GREAT,BAD,OK,TE85,TE,12,-,easy,average,easy,BOOM,,-,,,-
Trey Lance,DAL,526,573,530,#N/A,16,,24,,GOOD,GREAT,GOOD,QB61,QB,7,-,hard,hard,easy, ,,-,-,-,
Louis Rees-Zammit,KC,#N/A,547,#N/A,432,#N/A,rookie,23,,ELITE,GREAT,ELITE,#N/A,RB,6,-,average,average,average, ,,-,,-,
Avery Williams,ATL,#N/A,520,532,437,#N/A,,-,,OK,ELITE,ELITE,#N/A,RB,12,-,average,easy,easy, ,,-,,-,
Daijun Edwards,PIT,#N/A,540,#N/A,452,#N/A,rookie,-,,BAD,OK,OK,#N/A,RB,9,-,hard,easy,easy, ,,-,,-,
La'Mical Perine,PIT,#N/A,603,#N/A,509,#N/A,,-,,BAD,OK,OK,#N/A,RB,9,-,hard,easy,easy, ,,-,,-,
J.J. McCarthy,MIN,#N/A,#N/A,#N/A,#N/A,#N/A,rookie,21,,GREAT,ELITE,GREAT,#N/A,QB,6,-,easy,easy,easy,BOOM,BOOM,-,-,-,
Chase Claypool,BUF,#N/A,#N/A,#N/A,#N/A,#N/A,,26,,OK,GOOD,GOOD,#N/A,WR,12,WR5,average,hard,average, ,,-,,,-
Chris Evans,CIN,#N/A,#N/A,#N/A,#N/A,#N/A,,26,,GOOD,GOOD,GREAT,#N/A,RB,12,-,hard,average,easy, ,,-,,-,